[{"model": "admin.logentry", "pk": 1, "fields": {"action_time": "2021-08-20T15:21:20.303Z", "user": 1, "content_type": 13, "object_id": "23", "object_repr": "35761755", "action_flag": 1, "change_message": "[{\"added\": {}}]"}}, {"model": "admin.logentry", "pk": 2, "fields": {"action_time": "2021-08-20T15:46:14.336Z", "user": 1, "content_type": 12, "object_id": "6", "object_repr": "CERT0115", "action_flag": 1, "change_message": "[{\"added\": {}}]"}}, {"model": "admin.logentry", "pk": 3, "fields": {"action_time": "2021-08-20T17:42:44.651Z", "user": 1, "content_type": 12, "object_id": "5", "object_repr": "", "action_flag": 3, "change_message": ""}}, {"model": "admin.logentry", "pk": 4, "fields": {"action_time": "2021-08-20T17:42:44.693Z", "user": 1, "content_type": 12, "object_id": "4", "object_repr": "", "action_flag": 3, "change_message": ""}}, {"model": "admin.logentry", "pk": 5, "fields": {"action_time": "2021-08-20T17:42:44.729Z", "user": 1, "content_type": 12, "object_id": "3", "object_repr": "", "action_flag": 3, "change_message": ""}}, {"model": "admin.logentry", "pk": 6, "fields": {"action_time": "2021-08-20T17:42:44.759Z", "user": 1, "content_type": 12, "object_id": "2", "object_repr": "", "action_flag": 3, "change_message": ""}}, {"model": "admin.logentry", "pk": 7, "fields": {"action_time": "2021-08-20T17:42:44.791Z", "user": 1, "content_type": 12, "object_id": "1", "object_repr": "", "action_flag": 3, "change_message": ""}}, {"model": "admin.logentry", "pk": 8, "fields": {"action_time": "2021-08-28T18:39:23.388Z", "user": 1, "content_type": 12, "object_id": "19", "object_repr": "CERT-00019", "action_flag": 2, "change_message": "[{\"changed\": {\"fields\": [\"Stage\"]}}]"}}, {"model": "admin.logentry", "pk": 9, "fields": {"action_time": "2021-08-28T18:39:34.161Z", "user": 1, "content_type": 12, "object_id": "16", "object_repr": "CERT-00016", "action_flag": 2, "change_message": "[{\"changed\": {\"fields\": [\"Stage\"]}}]"}}, {"model": "admin.logentry", "pk": 10, "fields": {"action_time": "2021-08-28T18:39:48.560Z", "user": 1, "content_type": 12, "object_id": "13", "object_repr": "CERT-00013", "action_flag": 2, "change_message": "[{\"changed\": {\"fields\": [\"Stage\"]}}]"}}, {"model": "admin.logentry", "pk": 11, "fields": {"action_time": "2021-08-28T18:39:58.580Z", "user": 1, "content_type": 12, "object_id": "9", "object_repr": "CERT-00009", "action_flag": 2, "change_message": "[{\"changed\": {\"fields\": [\"Stage\"]}}]"}}, {"model": "admin.logentry", "pk": 12, "fields": {"action_time": "2021-08-28T18:40:37.785Z", "user": 1, "content_type": 12, "object_id": "6", "object_repr": "CERT0115", "action_flag": 2, "change_message": "[{\"changed\": {\"fields\": [\"Stage\"]}}]"}}, {"model": "admin.logentry", "pk": 13, "fields": {"action_time": "2021-08-28T18:40:45.301Z", "user": 1, "content_type": 12, "object_id": "7", "object_repr": "CERT-00007", "action_flag": 2, "change_message": "[{\"changed\": {\"fields\": [\"Stage\"]}}]"}}, {"model": "admin.logentry", "pk": 14, "fields": {"action_time": "2021-08-28T18:41:00.825Z", "user": 1, "content_type": 12, "object_id": "8", "object_repr": "CERT-00008", "action_flag": 2, "change_message": "[{\"changed\": {\"fields\": [\"Stage\"]}}]"}}, {"model": "admin.logentry", "pk": 15, "fields": {"action_time": "2021-08-28T18:41:13.522Z", "user": 1, "content_type": 12, "object_id": "10", "object_repr": "CERT-00010", "action_flag": 2, "change_message": "[{\"changed\": {\"fields\": [\"Stage\"]}}]"}}, {"model": "admin.logentry", "pk": 16, "fields": {"action_time": "2021-08-28T18:41:25.762Z", "user": 1, "content_type": 12, "object_id": "11", "object_repr": "CERT-00011", "action_flag": 2, "change_message": "[{\"changed\": {\"fields\": [\"Stage\"]}}]"}}, {"model": "admin.logentry", "pk": 17, "fields": {"action_time": "2021-08-28T18:41:34.792Z", "user": 1, "content_type": 12, "object_id": "17", "object_repr": "CERT-00017", "action_flag": 2, "change_message": "[{\"changed\": {\"fields\": [\"Stage\"]}}]"}}, {"model": "admin.logentry", "pk": 18, "fields": {"action_time": "2021-08-28T18:41:46.203Z", "user": 1, "content_type": 12, "object_id": "18", "object_repr": "CERT-00018", "action_flag": 2, "change_message": "[{\"changed\": {\"fields\": [\"Stage\"]}}]"}}, {"model": "admin.logentry", "pk": 19, "fields": {"action_time": "2021-08-28T18:42:01.248Z", "user": 1, "content_type": 12, "object_id": "12", "object_repr": "CERT-00012", "action_flag": 2, "change_message": "[{\"changed\": {\"fields\": [\"Stage\"]}}]"}}, {"model": "admin.logentry", "pk": 20, "fields": {"action_time": "2021-08-28T18:42:05.733Z", "user": 1, "content_type": 12, "object_id": "15", "object_repr": "CERT-00015", "action_flag": 2, "change_message": "[{\"changed\": {\"fields\": [\"Stage\"]}}]"}}, {"model": "admin.logentry", "pk": 21, "fields": {"action_time": "2021-08-28T18:42:21.295Z", "user": 1, "content_type": 12, "object_id": "14", "object_repr": "CERT-00014", "action_flag": 2, "change_message": "[{\"changed\": {\"fields\": [\"Stage\"]}}]"}}, {"model": "admin.logentry", "pk": 22, "fields": {"action_time": "2021-08-28T18:42:46.239Z", "user": 1, "content_type": 12, "object_id": "20", "object_repr": "CERT-00020", "action_flag": 2, "change_message": "[{\"changed\": {\"fields\": [\"Stage\"]}}]"}}, {"model": "admin.logentry", "pk": 23, "fields": {"action_time": "2021-08-28T18:43:09.601Z", "user": 1, "content_type": 12, "object_id": "7", "object_repr": "CERT-00007", "action_flag": 2, "change_message": "[{\"changed\": {\"fields\": [\"Stage\"]}}]"}}, {"model": "admin.logentry", "pk": 24, "fields": {"action_time": "2021-08-28T23:12:25.774Z", "user": 1, "content_type": 12, "object_id": "6", "object_repr": "CERT0115", "action_flag": 2, "change_message": "[{\"changed\": {\"fields\": [\"Stage\"]}}]"}}, {"model": "admin.logentry", "pk": 25, "fields": {"action_time": "2021-09-01T15:23:38.424Z", "user": 1, "content_type": 14, "object_id": "4", "object_repr": "Cabina simple", "action_flag": 1, "change_message": "[{\"added\": {}}]"}}, {"model": "admin.logentry", "pk": 26, "fields": {"action_time": "2021-09-01T15:24:10.431Z", "user": 1, "content_type": 14, "object_id": "5", "object_repr": "Furgón vidriado", "action_flag": 1, "change_message": "[{\"added\": {}}]"}}, {"model": "admin.logentry", "pk": 27, "fields": {"action_time": "2021-09-01T15:25:15.444Z", "user": 1, "content_type": 14, "object_id": "5", "object_repr": "Furgon vidriado", "action_flag": 2, "change_message": "[{\"changed\": {\"fields\": [\"Available type\"]}}]"}}, {"model": "admin.logentry", "pk": 28, "fields": {"action_time": "2021-09-01T15:25:43.393Z", "user": 1, "content_type": 14, "object_id": "6", "object_repr": "Furgon vidriado con asientos", "action_flag": 1, "change_message": "[{\"added\": {}}]"}}, {"model": "admin.logentry", "pk": 29, "fields": {"action_time": "2021-09-01T15:26:50.922Z", "user": 1, "content_type": 14, "object_id": "7", "object_repr": "Casa rodante motorizada", "action_flag": 1, "change_message": "[{\"added\": {}}]"}}, {"model": "admin.logentry", "pk": 30, "fields": {"action_time": "2021-09-01T15:27:25.494Z", "user": 1, "content_type": 14, "object_id": "8", "object_repr": "Furgon termico con equipo de frio", "action_flag": 1, "change_message": "[{\"added\": {}}]"}}, {"model": "admin.logentry", "pk": 31, "fields": {"action_time": "2021-09-01T15:28:06.263Z", "user": 1, "content_type": 14, "object_id": "2", "object_repr": "Furgon termico", "action_flag": 2, "change_message": "[{\"changed\": {\"fields\": [\"Available type\"]}}]"}}, {"model": "admin.logentry", "pk": 32, "fields": {"action_time": "2021-09-01T17:59:55.746Z", "user": 1, "content_type": 14, "object_id": "9", "object_repr": "Trailer", "action_flag": 1, "change_message": "[{\"added\": {}}]"}}, {"model": "admin.logentry", "pk": 33, "fields": {"action_time": "2021-09-01T19:21:08.739Z", "user": 1, "content_type": 12, "object_id": "23", "object_repr": "CERT-00023", "action_flag": 2, "change_message": "[{\"changed\": {\"fields\": [\"Stage\"]}}]"}}, {"model": "admin.logentry", "pk": 34, "fields": {"action_time": "2021-09-02T00:58:12.014Z", "user": 1, "content_type": 12, "object_id": "19", "object_repr": "CERT-00019", "action_flag": 2, "change_message": "[{\"changed\": {\"fields\": [\"Stage\"]}}]"}}, {"model": "admin.logentry", "pk": 35, "fields": {"action_time": "2021-09-12T18:58:29.533Z", "user": 2, "content_type": 4, "object_id": "3", "object_repr": "monsalvo.h@hotmail.com", "action_flag": 3, "change_message": ""}}, {"model": "admin.logentry", "pk": 36, "fields": {"action_time": "2021-09-17T03:23:12.618Z", "user": 1, "content_type": 12, "object_id": "19", "object_repr": "CERT-00019", "action_flag": 2, "change_message": "[{\"changed\": {\"fields\": [\"Stage\"]}}]"}}, {"model": "admin.logentry", "pk": 37, "fields": {"action_time": "2021-09-17T03:24:08.878Z", "user": 1, "content_type": 12, "object_id": "19", "object_repr": "CERT-00019", "action_flag": 2, "change_message": "[]"}}, {"model": "admin.logentry", "pk": 38, "fields": {"action_time": "2021-10-15T18:30:23.580Z", "user": 1, "content_type": 13, "object_id": "45", "object_repr": "Cristian Sato", "action_flag": 2, "change_message": "[{\"changed\": {\"fields\": [\"Mail\"]}}]"}}, {"model": "admin.logentry", "pk": 39, "fields": {"action_time": "2021-10-16T20:51:02.887Z", "user": 2, "content_type": 12, "object_id": "31", "object_repr": "CERT-00031", "action_flag": 2, "change_message": "[{\"changed\": {\"fields\": [\"Stage\"]}}]"}}, {"model": "admin.logentry", "pk": 40, "fields": {"action_time": "2021-10-16T20:57:09.169Z", "user": 2, "content_type": 12, "object_id": "31", "object_repr": "CERT-00031", "action_flag": 2, "change_message": "[{\"changed\": {\"fields\": [\"Onsite verified at\"]}}]"}}, {"model": "admin.logentry", "pk": 41, "fields": {"action_time": "2021-10-16T21:06:10.638Z", "user": 2, "content_type": 12, "object_id": "31", "object_repr": "CERT-00031", "action_flag": 2, "change_message": "[{\"changed\": {\"fields\": [\"Stage\", \"Paid by\", \"Paid amount\", \"Doc verified at\", \"Onsite verified at\"]}}]"}}, {"model": "admin.logentry", "pk": 42, "fields": {"action_time": "2021-10-16T21:08:05.982Z", "user": 2, "content_type": 12, "object_id": "31", "object_repr": "CERT-00031", "action_flag": 2, "change_message": "[{\"changed\": {\"fields\": [\"Stage\", \"Paid by\", \"Paid amount\", \"Doc verified at\", \"Onsite verified at\"]}}]"}}, {"model": "admin.logentry", "pk": 43, "fields": {"action_time": "2021-10-16T21:38:24.282Z", "user": 2, "content_type": 12, "object_id": "31", "object_repr": "CERT-00031", "action_flag": 2, "change_message": "[{\"changed\": {\"fields\": [\"Stage\"]}}]"}}, {"model": "admin.logentry", "pk": 44, "fields": {"action_time": "2021-10-19T19:48:59.242Z", "user": 1, "content_type": 16, "object_id": "3", "object_repr": "LSG", "action_flag": 2, "change_message": "[{\"changed\": {\"fields\": [\"Mail\", \"Phone\"]}}]"}}, {"model": "admin.logentry", "pk": 45, "fields": {"action_time": "2021-10-19T19:49:10.595Z", "user": 1, "content_type": 16, "object_id": "2", "object_repr": "Prueba", "action_flag": 2, "change_message": "[{\"changed\": {\"fields\": [\"Mail\", \"Phone\"]}}]"}}, {"model": "admin.logentry", "pk": 46, "fields": {"action_time": "2021-10-19T19:49:30.035Z", "user": 1, "content_type": 16, "object_id": "1", "object_repr": "LA Anonima SRL", "action_flag": 2, "change_message": "[{\"changed\": {\"fields\": [\"Mail\", \"Phone\"]}}]"}}, {"model": "admin.logentry", "pk": 47, "fields": {"action_time": "2021-10-23T19:05:45.414Z", "user": 2, "content_type": 12, "object_id": "30", "object_repr": "CERT-00030", "action_flag": 2, "change_message": "[{\"changed\": {\"fields\": [\"Certificate downloaded at\", \"Company\"]}}]"}}, {"model": "admin.logentry", "pk": 48, "fields": {"action_time": "2021-10-28T16:30:43.898Z", "user": 1, "content_type": 12, "object_id": "21", "object_repr": "CERT-00021", "action_flag": 2, "change_message": "[{\"changed\": {\"fields\": [\"Stage\"]}}]"}}, {"model": "auth.permission", "pk": 1, "fields": {"name": "Can add log entry", "content_type": 1, "codename": "add_logentry"}}, {"model": "auth.permission", "pk": 2, "fields": {"name": "Can change log entry", "content_type": 1, "codename": "change_logentry"}}, {"model": "auth.permission", "pk": 3, "fields": {"name": "Can delete log entry", "content_type": 1, "codename": "delete_logentry"}}, {"model": "auth.permission", "pk": 4, "fields": {"name": "Can view log entry", "content_type": 1, "codename": "view_logentry"}}, {"model": "auth.permission", "pk": 5, "fields": {"name": "Can add permission", "content_type": 2, "codename": "add_permission"}}, {"model": "auth.permission", "pk": 6, "fields": {"name": "Can change permission", "content_type": 2, "codename": "change_permission"}}, {"model": "auth.permission", "pk": 7, "fields": {"name": "Can delete permission", "content_type": 2, "codename": "delete_permission"}}, {"model": "auth.permission", "pk": 8, "fields": {"name": "Can view permission", "content_type": 2, "codename": "view_permission"}}, {"model": "auth.permission", "pk": 9, "fields": {"name": "Can add group", "content_type": 3, "codename": "add_group"}}, {"model": "auth.permission", "pk": 10, "fields": {"name": "Can change group", "content_type": 3, "codename": "change_group"}}, {"model": "auth.permission", "pk": 11, "fields": {"name": "Can delete group", "content_type": 3, "codename": "delete_group"}}, {"model": "auth.permission", "pk": 12, "fields": {"name": "Can view group", "content_type": 3, "codename": "view_group"}}, {"model": "auth.permission", "pk": 13, "fields": {"name": "Can add user", "content_type": 4, "codename": "add_user"}}, {"model": "auth.permission", "pk": 14, "fields": {"name": "Can change user", "content_type": 4, "codename": "change_user"}}, {"model": "auth.permission", "pk": 15, "fields": {"name": "Can delete user", "content_type": 4, "codename": "delete_user"}}, {"model": "auth.permission", "pk": 16, "fields": {"name": "Can view user", "content_type": 4, "codename": "view_user"}}, {"model": "auth.permission", "pk": 17, "fields": {"name": "Can add content type", "content_type": 5, "codename": "add_contenttype"}}, {"model": "auth.permission", "pk": 18, "fields": {"name": "Can change content type", "content_type": 5, "codename": "change_contenttype"}}, {"model": "auth.permission", "pk": 19, "fields": {"name": "Can delete content type", "content_type": 5, "codename": "delete_contenttype"}}, {"model": "auth.permission", "pk": 20, "fields": {"name": "Can view content type", "content_type": 5, "codename": "view_contenttype"}}, {"model": "auth.permission", "pk": 21, "fields": {"name": "Can add session", "content_type": 6, "codename": "add_session"}}, {"model": "auth.permission", "pk": 22, "fields": {"name": "Can change session", "content_type": 6, "codename": "change_session"}}, {"model": "auth.permission", "pk": 23, "fields": {"name": "Can delete session", "content_type": 6, "codename": "delete_session"}}, {"model": "auth.permission", "pk": 24, "fields": {"name": "Can view session", "content_type": 6, "codename": "view_session"}}, {"model": "auth.permission", "pk": 25, "fields": {"name": "Can add client", "content_type": 7, "codename": "add_client"}}, {"model": "auth.permission", "pk": 26, "fields": {"name": "Can change client", "content_type": 7, "codename": "change_client"}}, {"model": "auth.permission", "pk": 27, "fields": {"name": "Can delete client", "content_type": 7, "codename": "delete_client"}}, {"model": "auth.permission", "pk": 28, "fields": {"name": "Can view client", "content_type": 7, "codename": "view_client"}}, {"model": "auth.permission", "pk": 29, "fields": {"name": "Can add operation", "content_type": 8, "codename": "add_operation"}}, {"model": "auth.permission", "pk": 30, "fields": {"name": "Can change operation", "content_type": 8, "codename": "change_operation"}}, {"model": "auth.permission", "pk": 31, "fields": {"name": "Can delete operation", "content_type": 8, "codename": "delete_operation"}}, {"model": "auth.permission", "pk": 32, "fields": {"name": "Can view operation", "content_type": 8, "codename": "view_operation"}}, {"model": "auth.permission", "pk": 33, "fields": {"name": "Can add vehicle", "content_type": 9, "codename": "add_vehicle"}}, {"model": "auth.permission", "pk": 34, "fields": {"name": "Can change vehicle", "content_type": 9, "codename": "change_vehicle"}}, {"model": "auth.permission", "pk": 35, "fields": {"name": "Can delete vehicle", "content_type": 9, "codename": "delete_vehicle"}}, {"model": "auth.permission", "pk": 36, "fields": {"name": "Can view vehicle", "content_type": 9, "codename": "view_vehicle"}}, {"model": "auth.permission", "pk": 37, "fields": {"name": "Can add type", "content_type": 10, "codename": "add_modificationstype"}}, {"model": "auth.permission", "pk": 38, "fields": {"name": "Can change type", "content_type": 10, "codename": "change_modificationstype"}}, {"model": "auth.permission", "pk": 39, "fields": {"name": "Can delete type", "content_type": 10, "codename": "delete_modificationstype"}}, {"model": "auth.permission", "pk": 40, "fields": {"name": "Can view type", "content_type": 10, "codename": "view_modificationstype"}}, {"model": "auth.permission", "pk": 41, "fields": {"name": "Can add vehicle", "content_type": 11, "codename": "add_vehicle"}}, {"model": "auth.permission", "pk": 42, "fields": {"name": "Can change vehicle", "content_type": 11, "codename": "change_vehicle"}}, {"model": "auth.permission", "pk": 43, "fields": {"name": "Can delete vehicle", "content_type": 11, "codename": "delete_vehicle"}}, {"model": "auth.permission", "pk": 44, "fields": {"name": "Can view vehicle", "content_type": 11, "codename": "view_vehicle"}}, {"model": "auth.permission", "pk": 45, "fields": {"name": "Can add operation", "content_type": 12, "codename": "add_operation"}}, {"model": "auth.permission", "pk": 46, "fields": {"name": "Can change operation", "content_type": 12, "codename": "change_operation"}}, {"model": "auth.permission", "pk": 47, "fields": {"name": "Can delete operation", "content_type": 12, "codename": "delete_operation"}}, {"model": "auth.permission", "pk": 48, "fields": {"name": "Can view operation", "content_type": 12, "codename": "view_operation"}}, {"model": "auth.permission", "pk": 49, "fields": {"name": "Can add client", "content_type": 13, "codename": "add_client"}}, {"model": "auth.permission", "pk": 50, "fields": {"name": "Can change client", "content_type": 13, "codename": "change_client"}}, {"model": "auth.permission", "pk": 51, "fields": {"name": "Can delete client", "content_type": 13, "codename": "delete_client"}}, {"model": "auth.permission", "pk": 52, "fields": {"name": "Can view client", "content_type": 13, "codename": "view_client"}}, {"model": "auth.permission", "pk": 53, "fields": {"name": "Can add type", "content_type": 14, "codename": "add_modificationstype"}}, {"model": "auth.permission", "pk": 54, "fields": {"name": "Can change type", "content_type": 14, "codename": "change_modificationstype"}}, {"model": "auth.permission", "pk": 55, "fields": {"name": "Can delete type", "content_type": 14, "codename": "delete_modificationstype"}}, {"model": "auth.permission", "pk": 56, "fields": {"name": "Can view type", "content_type": 14, "codename": "view_modificationstype"}}, {"model": "auth.permission", "pk": 57, "fields": {"name": "Can add schedule", "content_type": 15, "codename": "add_schedule"}}, {"model": "auth.permission", "pk": 58, "fields": {"name": "Can change schedule", "content_type": 15, "codename": "change_schedule"}}, {"model": "auth.permission", "pk": 59, "fields": {"name": "Can delete schedule", "content_type": 15, "codename": "delete_schedule"}}, {"model": "auth.permission", "pk": 60, "fields": {"name": "Can view schedule", "content_type": 15, "codename": "view_schedule"}}, {"model": "auth.permission", "pk": 61, "fields": {"name": "Can add company", "content_type": 16, "codename": "add_company"}}, {"model": "auth.permission", "pk": 62, "fields": {"name": "Can change company", "content_type": 16, "codename": "change_company"}}, {"model": "auth.permission", "pk": 63, "fields": {"name": "Can delete company", "content_type": 16, "codename": "delete_company"}}, {"model": "auth.permission", "pk": 64, "fields": {"name": "Can view company", "content_type": 16, "codename": "view_company"}}, {"model": "auth.user", "pk": 1, "fields": {"password": "pbkdf2_sha256$216000$mQqe73ccie32$e0tCgOrykLfX9Zq2bPao5g6RrmhJVIAeNJcayWMXrds=", "last_login": "2021-10-28T16:09:46.348Z", "is_superuser": true, "username": "leandro", "first_name": "", "last_name": "", "email": "lnmarquez19@gmail.com", "is_staff": true, "is_active": true, "date_joined": "2021-08-20T14:46:31.318Z", "groups": [], "user_permissions": []}}, {"model": "auth.user", "pk": 2, "fields": {"password": "pbkdf2_sha256$260000$a5Hw1GdXQzHFqxRBAacKMX$QS0zugxvFQtoP1swjPlcaNm9DqGgeOqCgYkejfSMTiY=", "last_login": "2021-10-23T18:17:39.564Z", "is_superuser": true, "username": "hernan", "first_name": "", "last_name": "", "email": "monsalvo.h@hotmail.com", "is_staff": true, "is_active": true, "date_joined": "2021-08-20T15:05:12.485Z", "groups": [], "user_permissions": []}}, {"model": "contenttypes.contenttype", "pk": 1, "fields": {"app_label": "admin", "model": "logentry"}}, {"model": "contenttypes.contenttype", "pk": 2, "fields": {"app_label": "auth", "model": "permission"}}, {"model": "contenttypes.contenttype", "pk": 3, "fields": {"app_label": "auth", "model": "group"}}, {"model": "contenttypes.contenttype", "pk": 4, "fields": {"app_label": "auth", "model": "user"}}, {"model": "contenttypes.contenttype", "pk": 5, "fields": {"app_label": "contenttypes", "model": "contenttype"}}, {"model": "contenttypes.contenttype", "pk": 6, "fields": {"app_label": "sessions", "model": "session"}}, {"model": "contenttypes.contenttype", "pk": 7, "fields": {"app_label": "Models", "model": "client"}}, {"model": "contenttypes.contenttype", "pk": 8, "fields": {"app_label": "Models", "model": "operation"}}, {"model": "contenttypes.contenttype", "pk": 9, "fields": {"app_label": "Models", "model": "vehicle"}}, {"model": "contenttypes.contenttype", "pk": 10, "fields": {"app_label": "Models", "model": "modificationstype"}}, {"model": "contenttypes.contenttype", "pk": 11, "fields": {"app_label": "CertificationsApp", "model": "vehicle"}}, {"model": "contenttypes.contenttype", "pk": 12, "fields": {"app_label": "CertificationsApp", "model": "operation"}}, {"model": "contenttypes.contenttype", "pk": 13, "fields": {"app_label": "CertificationsApp", "model": "client"}}, {"model": "contenttypes.contenttype", "pk": 14, "fields": {"app_label": "CertificationsApp", "model": "modificationstype"}}, {"model": "contenttypes.contenttype", "pk": 15, "fields": {"app_label": "CertificationsApp", "model": "schedule"}}, {"model": "contenttypes.contenttype", "pk": 16, "fields": {"app_label": "CertificationsApp", "model": "company"}}, {"model": "sessions.session", "pk": "2x3p5nfqg1h29veolhwwakbxlrkg4bpx", "fields": {"session_data": ".eJxVjLEOAiEQRP-F2hBYcAmW9n4DAXaRUwPJcVcZ_9275Aptppj3Zt4ixHWpYR08h4nERYA4_XYp5ie3HdAjtnuXubdlnpLcFXnQIW-d-HU93L-DGkfd1poQjSNI2Tql0hZZOeXPxnhMXnMGDaDZKofEhZV1PhICFtCpQGHx-QK4ETc0:1mbrMm:7CZ044YrBDQ8frn1UWzH0qdAIQl-7RMcfzYL15z8FQI", "expire_date": "2021-10-30T21:37:20.587Z"}}, {"model": "sessions.session", "pk": "5qdi65z9ls9ptkneslmab7jq6dxmxyek", "fields": {"session_data": ".eJxVjLEOAiEQRP-F2hBYcAmW9n4DAXaRUwPJcVcZ_9275Aptppj3Zt4ixHWpYR08h4nERYA4_XYp5ie3HdAjtnuXubdlnpLcFXnQIW-d-HU93L-DGkfd1poQjSNI2Tql0hZZOeXPxnhMXnMGDaDZKofEhZV1PhICFtCpQGHx-QK4ETc0:1mPUg8:JJoiupFMleoAaMjveNuEUe1uSYKjExqd48nS0gD6_ZE", "expire_date": "2021-09-26T18:58:12.370Z"}}, {"model": "sessions.session", "pk": "69x4bvap7h09xu290atemm4yc5o0fa65", "fields": {"session_data": ".eJxVjLEOAiEQRP-F2hBYcAmW9n4DAXaRUwPJcVcZ_9275Aptppj3Zt4ixHWpYR08h4nERYA4_XYp5ie3HdAjtnuXubdlnpLcFXnQIW-d-HU93L-DGkfd1poQjSNI2Tql0hZZOeXPxnhMXnMGDaDZKofEhZV1PhICFtCpQGHx-QK4ETc0:1meLaN:-jv-WosW0NHuckxNsq3GFSZ7w56U_m5wPJbd-Mipkbw", "expire_date": "2021-11-06T18:17:39.573Z"}}, {"model": "sessions.session", "pk": "8yh20fte46mz8r625mjogfx1kx7fl5e9", "fields": {"session_data": ".eJxVjLEOAiEQRP-F2hBYcAmW9n4DAXaRUwPJcVcZ_9275Aptppj3Zt4ixHWpYR08h4nERYA4_XYp5ie3HdAjtnuXubdlnpLcFXnQIW-d-HU93L-DGkfd1poQjSNI2Tql0hZZOeXPxnhMXnMGDaDZKofEhZV1PhICFtCpQGHx-QK4ETc0:1mbp0a:1jAqRgr4o3KittGvKjJJ0_KghgxSn1LfID3pT1YVYdc", "expire_date": "2021-10-30T19:06:16.633Z"}}, {"model": "sessions.session", "pk": "98jpy2ruorrtenm1hys39d0n2k4t9vjl", "fields": {"session_data": ".eJxVjMsOwiAQRf-FtSE8OtC6dO83kIEZpGogKe3K-O_apAvd3nPOfYmA21rC1nkJM4mz0OL0u0VMD647oDvWW5Op1XWZo9wVedAur434eTncv4OCvXzrwbNmBpNGRotgjXGYjEdlBoqYHTmaFGiVWcXsSWejYVRkAYj1ZJ14fwDvVzfs:1mcVW5:gespQFj2X_BOBY1MlXFLDl5jSccfLHDGi5hIawrDzZo", "expire_date": "2021-11-01T16:29:37.169Z"}}, {"model": "sessions.session", "pk": "9hennlkrbbjlsng0r56e0v2mwm88d84e", "fields": {"session_data": ".eJxVjMsOwiAQRf-FtSE8OtC6dO83kIEZpGogKe3K-O_apAvd3nPOfYmA21rC1nkJM4mz0OL0u0VMD647oDvWW5Op1XWZo9wVedAur434eTncv4OCvXzrwbNmBpNGRotgjXGYjEdlBoqYHTmaFGiVWcXsSWejYVRkAYj1ZJ14fwDvVzfs:1mbRxL:s6FgL26IzfPXNZI87sQVeNF-C4YY8XrwV38OvtIe8bU", "expire_date": "2021-10-29T18:29:23.534Z"}}, {"model": "sessions.session", "pk": "n3aab8xx2kh54xmdv0aqlkoo4u7chzmu", "fields": {"session_data": ".eJxVjMsOwiAQRf-FtSE8OtC6dO83kIEZpGogKe3K-O_apAvd3nPOfYmA21rC1nkJM4mz0OL0u0VMD647oDvWW5Op1XWZo9wVedAur434eTncv4OCvXzrwbNmBpNGRotgjXGYjEdlBoqYHTmaFGiVWcXsSWejYVRkAYj1ZJ14fwDvVzfs:1mR4Db:smhcPxExIU5sVPSrqGlr0VpOsP7TrI1jKt-Qj0vEju0", "expire_date": "2021-10-01T03:07:15.606Z"}}, {"model": "sessions.session", "pk": "rdvjbo8jwidvi8tjnhf8lyq5ebmiq5jw", "fields": {"session_data": ".eJxVjMsOwiAQRf-FtSE8OtC6dO83kIEZpGogKe3K-O_apAvd3nPOfYmA21rC1nkJM4mz0OL0u0VMD647oDvWW5Op1XWZo9wVedAur434eTncv4OCvXzrwbNmBpNGRotgjXGYjEdlBoqYHTmaFGiVWcXsSWejYVRkAYj1ZJ14fwDvVzfs:1mH6Ch:-3nKJBesz65TUtKd8UqeclDjvYAdTa4YaoLdAS3qr5A", "expire_date": "2021-09-03T15:13:07.957Z"}}, {"model": "sessions.session", "pk": "xgff9f5cq59a8if4fk1gxmfk64ox11oo", "fields": {"session_data": ".eJxVjMsOwiAQRf-FtSE8OtC6dO83kIEZpGogKe3K-O_apAvd3nPOfYmA21rC1nkJM4mz0OL0u0VMD647oDvWW5Op1XWZo9wVedAur434eTncv4OCvXzrwbNmBpNGRotgjXGYjEdlBoqYHTmaFGiVWcXsSWejYVRkAYj1ZJ14fwDvVzfs:1mg7yM:UBUzUD0W2BF-1cAO9irancDw717iE6FozsNZjwqCJhI", "expire_date": "2021-11-11T16:09:46.362Z"}}, {"model": "CertificationsApp.modificationstype", "pk": 1, "fields": {"available_type": "Furgon", "caption": "caja cerrada para flete", "fee": 3000, "company_fee": 2700}}, {"model": "CertificationsApp.modificationstype", "pk": 2, "fields": {"available_type": "Furgon termico", "caption": "caja cerrada para flete de congelados", "fee": 3000, "company_fee": 2700}}, {"model": "CertificationsApp.modificationstype", "pk": 3, "fields": {"available_type": "Furgon con asientos", "caption": "caja cerrada y asientos agregados para llevar a la family", "fee": 3000, "company_fee": 2700}}, {"model": "CertificationsApp.modificationstype", "pk": 4, "fields": {"available_type": "Cabina simple", "caption": "Simple, como dios lo trajo al mundo", "fee": 3000, "company_fee": 2700}}, {"model": "CertificationsApp.modificationstype", "pk": 5, "fields": {"available_type": "Furgon vidriado", "caption": "Para andar seguros por el conurbano", "fee": 3000, "company_fee": 2700}}, {"model": "CertificationsApp.modificationstype", "pk": 6, "fields": {"available_type": "Furgon vidriado con asientos", "caption": "El kit completo para ir a pasear por el conurbano con la family", "fee": 3000, "company_fee": 2700}}, {"model": "CertificationsApp.modificationstype", "pk": 7, "fields": {"available_type": "Casa rodante motorizada", "caption": "Ahora si nos hacemos un zafari viaje por el conurbano", "fee": 3000, "company_fee": 2700}}, {"model": "CertificationsApp.modificationstype", "pk": 8, "fields": {"available_type": "Furgon termico con equipo de frio", "caption": "A Dexter le gusta esto.", "fee": 3000, "company_fee": 2700}}, {"model": "CertificationsApp.modificationstype", "pk": 9, "fields": {"available_type": "Trailer", "caption": "Lleva tu casa rodante o tu lancha para disfrutar en el riachuelo de Sarandi", "fee": 3000, "company_fee": 2700}}, {"model": "CertificationsApp.client", "pk": 8, "fields": {"id_number": 165195411, "name": "putitos1s", "surname": "de mierdas1s", "mail": "lalalaadsad1@hotmail.com", "phone": 1144358712}}, {"model": "CertificationsApp.client", "pk": 16, "fields": {"id_number": 4545644, "name": "Sirena", "surname": "torpedeada", "mail": "fds44a@asda.com", "phone": 9794797}}, {"model": "CertificationsApp.client", "pk": 25, "fields": {"id_number": 34987551, "name": "Joseu", "surname": "Arnaldou", "mail": "josearnaldo1@tuvieja.com", "phone": 1156987255}}, {"model": "CertificationsApp.client", "pk": 26, "fields": {"id_number": 24987551, "name": "Estela", "surname": "rodriguez", "mail": "rodriguez@tuvieja.com", "phone": 115698255}}, {"model": "CertificationsApp.client", "pk": 27, "fields": {"id_number": 24977551, "name": "Paulo", "surname": "Roca", "mail": "Proca@tuvieja.com", "phone": 11887955}}, {"model": "CertificationsApp.client", "pk": 28, "fields": {"id_number": 23878527, "name": "Fiambrola", "surname": "Yañez", "mail": "gatodealberto@gob.com", "phone": 116874742}}, {"model": "CertificationsApp.client", "pk": 29, "fields": {"id_number": 28878527, "name": "Hambrerto", "surname": "Fernandez", "mail": "soypresi@gob.com", "phone": 1187587563}}, {"model": "CertificationsApp.client", "pk": 30, "fields": {"id_number": 218878527, "name": "Hambrerto1", "surname": "Fernandez1", "mail": "soypresi1@gob.com", "phone": 1185587563}}, {"model": "CertificationsApp.client", "pk": 31, "fields": {"id_number": 218878589, "name": "Mauricio", "surname": "Macri", "mail": "ahperoyo@gob.com", "phone": 1185588874}}, {"model": "CertificationsApp.client", "pk": 33, "fields": {"id_number": 212108510, "name": "Jorge", "surname": "Macri", "mail": "ahperomihijo@gob1.com", "phone": 117550074}}, {"model": "CertificationsApp.client", "pk": 34, "fields": {"id_number": 218008511, "name": "Jorge", "surname": "Drexler", "mail": "noctiluca@musica.com", "phone": 117550078}}, {"model": "CertificationsApp.client", "pk": 35, "fields": {"id_number": 218008531, "name": "Jorge Omar Gonzalo", "surname": "Drexler", "mail": "noctiluca2@musica.com", "phone": 117550079}}, {"model": "CertificationsApp.client", "pk": 36, "fields": {"id_number": 55222478, "name": "Carlos", "surname": "Magno", "mail": "carlito@guerra.com", "phone": 1175510079}}, {"model": "CertificationsApp.client", "pk": 37, "fields": {"id_number": 18222478, "name": "Carlos", "surname": "Magno", "mail": "carlitos@guerra.com", "phone": 117510019}}, {"model": "CertificationsApp.client", "pk": 38, "fields": {"id_number": 182224178, "name": "Carlos", "surname": "Raul", "mail": "batata@guerra.com", "phone": 1151000319}}, {"model": "CertificationsApp.client", "pk": 39, "fields": {"id_number": 18222178, "name": "Carlos", "surname": "Raul", "mail": "batata2@guerra.com", "phone": 1151800319}}, {"model": "CertificationsApp.client", "pk": 40, "fields": {"id_number": 35761814, "name": "Leandro", "surname": "Márquez", "mail": "l.marquez19@hotmail.com", "phone": 1167294733}}, {"model": "CertificationsApp.client", "pk": 41, "fields": {"id_number": 35761813, "name": "Leandru", "surname": "Márquoz", "mail": "l.marquoz19@hotmail.com", "phone": 1167294735}}, {"model": "CertificationsApp.client", "pk": 42, "fields": {"id_number": 35761815, "name": "Cecilia", "surname": "Dumas", "mail": "cecidu@hotmail.com", "phone": 116894735}}, {"model": "CertificationsApp.client", "pk": 43, "fields": {"id_number": 3576181, "name": "Cecilio", "surname": "barracas", "mail": "cecibarra@hotmail.com", "phone": 11689735}}, {"model": "CertificationsApp.client", "pk": 44, "fields": {"id_number": 35761817, "name": "Roberto", "surname": "Perfumo", "mail": "roberperfumo@hotmail.com", "phone": 1199859735}}, {"model": "CertificationsApp.client", "pk": 45, "fields": {"id_number": 13564879, "name": "Cristian", "surname": "Sato", "mail": "lmarquez@mgl-ingenieria.com.ar", "phone": 11659875}}, {"model": "CertificationsApp.client", "pk": 46, "fields": {"id_number": 1059753598, "name": "Martin", "surname": "Monsalvo", "mail": "Mmonsalvo@hotmail.com", "phone": 2165479874}}, {"model": "CertificationsApp.client", "pk": 47, "fields": {"id_number": 14546789, "name": "Fausto", "surname": "Sarmiento", "mail": "123@123.com", "phone": 45678435}}, {"model": "CertificationsApp.client", "pk": 48, "fields": {"id_number": 1233456, "name": "Gonzalo", "surname": "medina", "mail": "1235@sdfjoff.com", "phone": 12356}}, {"model": "CertificationsApp.client", "pk": 49, "fields": {"id_number": 356791780, "name": "Juan Pablo", "surname": "Gomez", "mail": "asd@dfg.com", "phone": 123}}, {"model": "CertificationsApp.client", "pk": 50, "fields": {"id_number": 87123456, "name": "Chaqueño", "surname": "Palavechino", "mail": "ASDF@ASDF.COM", "phone": 12567}}, {"model": "CertificationsApp.client", "pk": 51, "fields": {"id_number": 35464354654, "name": "Tomas", "surname": "Garralaga", "mail": "tgarra@hotmail.com", "phone": 1165246898}}, {"model": "CertificationsApp.client", "pk": 52, "fields": {"id_number": 654654654, "name": "Gaston", "surname": "dasdsadas", "mail": "1234@hotmail.com", "phone": 123456789}}, {"model": "CertificationsApp.client", "pk": 53, "fields": {"id_number": 359461646, "name": "dasd", "surname": "dasda", "mail": "xejehep872@koldpak.com", "phone": 454545454}}, {"model": "CertificationsApp.client", "pk": 54, "fields": {"id_number": 332585785, "name": "Alejandro", "surname": "Dumas", "mail": "adumas@hotmail.com", "phone": 5411256893568}}, {"model": "CertificationsApp.client", "pk": 55, "fields": {"id_number": 546780793, "name": "La pocha", "surname": "Monsalvo", "mail": "vehiwi4942@koldpak.com", "phone": 34099162387}}, {"model": "CertificationsApp.client", "pk": 56, "fields": {"id_number": 99999, "name": "Juan carlos", "surname": "baglieto", "mail": "famop32271@jesdoit.com", "phone": 99994444}}, {"model": "CertificationsApp.vehicle", "pk": 13, "fields": {"domain": "dsafsd", "brand": "dsa", "model": "dsa", "last_type": null, "chassis_number": "dsa124444", "engine_number": "dsa124444", "owner": 16}}, {"model": "CertificationsApp.vehicle", "pk": 21, "fields": {"domain": "poo123", "brand": "Ford", "model": "Transit", "last_type": null, "chassis_number": "afre123", "engine_number": "asrre456", "owner": 25}}, {"model": "CertificationsApp.vehicle", "pk": 22, "fields": {"domain": "uiu123", "brand": "Ford", "model": "Fiesta", "last_type": null, "chassis_number": "afre123987", "engine_number": "asrrsdfdse456", "owner": 26}}, {"model": "CertificationsApp.vehicle", "pk": 23, "fields": {"domain": "rew987", "brand": "Marquez", "model": "Modelez", "last_type": null, "chassis_number": "tiburon123", "engine_number": "shark987", "owner": 27}}, {"model": "CertificationsApp.vehicle", "pk": 24, "fields": {"domain": "puta23", "brand": "Fiat", "model": "600", "last_type": null, "chassis_number": "Soygato123", "engine_number": "violocuarentena7", "owner": 28}}, {"model": "CertificationsApp.vehicle", "pk": 25, "fields": {"domain": "ChoRR0", "brand": "Planes", "model": "sociales", "last_type": null, "chassis_number": "amolosgatos", "engine_number": "y a mi perro", "owner": 29}}, {"model": "CertificationsApp.vehicle", "pk": 26, "fields": {"domain": "ChoRR0", "brand": "Planes", "model": "sociales", "last_type": null, "chassis_number": "amolosgatos", "engine_number": "y a mi perro", "owner": 30}}, {"model": "CertificationsApp.vehicle", "pk": 27, "fields": {"domain": "FMI123", "brand": "Mercedez Benz", "model": "Zafiro", "last_type": null, "chassis_number": "gato123", "engine_number": "deuda987", "owner": 31}}, {"model": "CertificationsApp.vehicle", "pk": 29, "fields": {"domain": "FMI128", "brand": "Mercedez Benz", "model": "Tutuca", "last_type": null, "chassis_number": "Fuemihijo", "engine_number": "nofuiyo", "owner": 33}}, {"model": "CertificationsApp.vehicle", "pk": 30, "fields": {"domain": "FMI128", "brand": "Ford", "model": "Kangoo", "last_type": null, "chassis_number": "lalalala4546", "engine_number": "safasfsa782", "owner": 34}}, {"model": "CertificationsApp.vehicle", "pk": 31, "fields": {"domain": "FMI128", "brand": "Ford", "model": "Kangoo", "last_type": null, "chassis_number": "lalalala4546", "engine_number": "safasfsa782", "owner": 35}}, {"model": "CertificationsApp.vehicle", "pk": 32, "fields": {"domain": "FMI128", "brand": "Ford", "model": "Kangoo Max", "last_type": null, "chassis_number": "terlala4546", "engine_number": "safadsa782", "owner": 36}}, {"model": "CertificationsApp.vehicle", "pk": 33, "fields": {"domain": "FMI128", "brand": "Ford", "model": "Kangoo Max", "last_type": null, "chassis_number": "terlala4546", "engine_number": "safadsa782", "owner": 37}}, {"model": "CertificationsApp.vehicle", "pk": 34, "fields": {"domain": "FMI128", "brand": "Ford", "model": "Kangoo Max", "last_type": null, "chassis_number": "terlala4546", "engine_number": "safadsa782", "owner": 38}}, {"model": "CertificationsApp.vehicle", "pk": 35, "fields": {"domain": "FMI128", "brand": "Ford", "model": "Kangoo Max", "last_type": null, "chassis_number": "terlala4546", "engine_number": "safadsa782", "owner": 39}}, {"model": "CertificationsApp.vehicle", "pk": 36, "fields": {"domain": "NPU548", "brand": "Renault", "model": "Master", "last_type": null, "chassis_number": "altochasis123", "engine_number": "terriblemotor123", "owner": 40}}, {"model": "CertificationsApp.vehicle", "pk": 37, "fields": {"domain": "NPU548", "brand": "Renault", "model": "Master", "last_type": null, "chassis_number": "altochasis123", "engine_number": "terriblemotor123", "owner": 41}}, {"model": "CertificationsApp.vehicle", "pk": 38, "fields": {"domain": "AAA457", "brand": "Renault", "model": "Monster", "last_type": null, "chassis_number": "chasineta", "engine_number": "motorete", "owner": 42}}, {"model": "CertificationsApp.vehicle", "pk": 39, "fields": {"domain": "A56457", "brand": "Renault", "model": "MonsterInc", "last_type": null, "chassis_number": "546546", "engine_number": "121312", "owner": 43}}, {"model": "CertificationsApp.vehicle", "pk": 40, "fields": {"domain": "perfum3", "brand": "Renault", "model": "Mio", "last_type": null, "chassis_number": "546546ds", "engine_number": "121312ds", "owner": 44}}, {"model": "CertificationsApp.vehicle", "pk": 41, "fields": {"domain": "ABC123", "brand": "Ford", "model": "Transit", "last_type": null, "chassis_number": "asda13246", "engine_number": "fas1654", "owner": 45}}, {"model": "CertificationsApp.vehicle", "pk": 42, "fields": {"domain": "abc321", "brand": "Tutu", "model": "Baby shark", "last_type": null, "chassis_number": "asf132", "engine_number": "asf465", "owner": 46}}, {"model": "CertificationsApp.vehicle", "pk": 43, "fields": {"domain": "AA567HH", "brand": "Lamborghini", "model": "Diablo", "last_type": null, "chassis_number": "12352311", "engine_number": "450397285", "owner": 47}}, {"model": "CertificationsApp.vehicle", "pk": 44, "fields": {"domain": "45647asd", "brand": "Harrison", "model": "Ford", "last_type": null, "chassis_number": "12323", "engine_number": "aldlahdlahd", "owner": 48}}, {"model": "CertificationsApp.vehicle", "pk": 45, "fields": {"domain": "FF456EE", "brand": "Banco", "model": "Galici", "last_type": null, "chassis_number": "123928388", "engine_number": "ñsdjflksjkgjñlj", "owner": 49}}, {"model": "CertificationsApp.vehicle", "pk": 46, "fields": {"domain": "aa456FG", "brand": "Ford", "model": "FAlcon", "last_type": null, "chassis_number": "1235867", "engine_number": "980234h", "owner": 50}}, {"model": "CertificationsApp.vehicle", "pk": 47, "fields": {"domain": "ALD0000", "brand": "Dorf", "model": "Ranstrit", "last_type": null, "chassis_number": "dsa654", "engine_number": "fsa1654", "owner": 51}}, {"model": "CertificationsApp.vehicle", "pk": 48, "fields": {"domain": "Put078", "brand": "dsa", "model": "das", "last_type": null, "chassis_number": "dsada", "engine_number": "5asd4as5", "owner": 52}}, {"model": "CertificationsApp.vehicle", "pk": 49, "fields": {"domain": "gat000", "brand": "asdas", "model": "dasdas", "last_type": null, "chassis_number": "dasdsa", "engine_number": "dasdas", "owner": 53}}, {"model": "CertificationsApp.vehicle", "pk": 50, "fields": {"domain": "NPU5557", "brand": "Ford", "model": "Diaz", "last_type": null, "chassis_number": "sada654", "engine_number": "dasda654", "owner": 54}}, {"model": "CertificationsApp.vehicle", "pk": 51, "fields": {"domain": "AA234bf", "brand": "Ford ", "model": "megane", "last_type": null, "chassis_number": "12345023984", "engine_number": "12309234", "owner": 55}}, {"model": "CertificationsApp.vehicle", "pk": 52, "fields": {"domain": "AA999DF", "brand": "Lamborgini", "model": "diablo", "last_type": null, "chassis_number": "1230192838", "engine_number": "9381092371", "owner": 56}}, {"model": "CertificationsApp.company", "pk": 1, "fields": {"cuit": "2056897812120", "name": "LA Anonima SRL", "mail": "anonima@hotmail.com", "phone": 12345785, "enabled": true}}, {"model": "CertificationsApp.company", "pk": 2, "fields": {"cuit": "1234", "name": "Prueba", "mail": "1234@hotmail.com", "phone": 123456789, "enabled": true}}, {"model": "CertificationsApp.company", "pk": 3, "fields": {"cuit": "1357631384", "name": "LSG", "mail": "gaby_therock@hotmail.com", "phone": 55892653, "enabled": true}}, {"model": "CertificationsApp.company", "pk": 4, "fields": {"cuit": "21613643", "name": "Pfizer", "mail": "vacunas@hotmail.com", "phone": 984326455, "enabled": false}}, {"model": "CertificationsApp.operation", "pk": 6, "fields": {"certificate_number": "CERT0115", "stage": "Turno pendiente", "registrated_at": "2021-08-20T15:46:14.318Z", "image1_uploaded": "images/mensaje_de_error_SQL_server_D3XvNv1.png", "image2_uploaded": "images/mensaje_de_error_SQL_server_I2vFpid.png", "image3_uploaded": "images/8apzwVg_UZtoov7.gif", "image4_uploaded": "images/mensaje_de_error_SQL_server_rRmFUX5.png", "image5_uploaded": "images/timesheet_lw2e1Mj.png", "image6_uploaded": "", "image7_uploaded": "", "image8_uploaded": "", "paid_at": "2021-09-04T19:16:49Z", "paid_by": "credit_card", "paid_amount": 0, "doc_verified_at": null, "onsite_verified_at": null, "inform_description": null, "inform_created_at": null, "certificate": "", "certificate_uploaded_at": null, "certificate_downloaded_at": null, "owner": 8, "company": null, "id_vehicle": 13, "original_type": 1, "final_type": 3, "is_active": true}}, {"model": "CertificationsApp.operation", "pk": 7, "fields": {"certificate_number": "CERT-00007", "stage": "Documentacion rechazada", "registrated_at": "2021-08-20T17:41:30.361Z", "image1_uploaded": "images/timesheet_pHtrPdv.png", "image2_uploaded": "images/mensaje_de_error_SQL_server_TnUlPEE.png", "image3_uploaded": "images/Captura_de_pantalla_de_2021-09-11_01-52-48_bYYbuQI.png", "image4_uploaded": "images/mensaje_de_error_SQL_server_HTZjGhH.png", "image5_uploaded": "volver_a_subir.jpeg", "image6_uploaded": "images/mensaje_de_error_SQL_server_EmHtbmk.png", "image7_uploaded": "", "image8_uploaded": "", "paid_at": null, "paid_by": null, "paid_amount": 0, "doc_verified_at": null, "onsite_verified_at": null, "inform_description": null, "inform_created_at": null, "certificate": "", "certificate_uploaded_at": null, "certificate_downloaded_at": null, "owner": 25, "company": null, "id_vehicle": 21, "original_type": 1, "final_type": 3, "is_active": true}}, {"model": "CertificationsApp.operation", "pk": 8, "fields": {"certificate_number": "CERT-00008", "stage": "Certificado expirado", "registrated_at": "2021-08-20T17:43:52.749Z", "image1_uploaded": "images/8apzwVg_uX5sS5l.gif", "image2_uploaded": "images/Despedida_sustentator_sk26J57.jpg", "image3_uploaded": "images/mensaje_de_error_SQL_server_yK6a8Ok.png", "image4_uploaded": "images/Despedida_sustentator_947381C.jpg", "image5_uploaded": "images/mensaje_de_error_SQL_server_BfHG7sF.png", "image6_uploaded": "", "image7_uploaded": "", "image8_uploaded": "", "paid_at": null, "paid_by": null, "paid_amount": 0, "doc_verified_at": null, "onsite_verified_at": null, "inform_description": null, "inform_created_at": null, "certificate": "", "certificate_uploaded_at": null, "certificate_downloaded_at": null, "owner": 26, "company": null, "id_vehicle": 22, "original_type": 1, "final_type": 1, "is_active": true}}, {"model": "CertificationsApp.operation", "pk": 9, "fields": {"certificate_number": "CERT-00009", "stage": "Pago a revisar", "registrated_at": "2021-08-20T17:45:15.875Z", "image1_uploaded": "images/mensaje_de_error_SQL_server_G4TRReo.png", "image2_uploaded": "images/mensaje_de_error_SQL_server_nqZcVPM.png", "image3_uploaded": "images/pagni_grafico_1O1YYMw.png", "image4_uploaded": "images/pagni_grafico_lS91Itp.png", "image5_uploaded": "images/mensaje_de_error_SQL_server_i9q3W6n.png", "image6_uploaded": "images/mensaje_de_error_SQL_server_w3xd39D.png", "image7_uploaded": "", "image8_uploaded": "", "paid_at": null, "paid_by": null, "paid_amount": 0, "doc_verified_at": null, "onsite_verified_at": null, "inform_description": null, "inform_created_at": null, "certificate": "", "certificate_uploaded_at": null, "certificate_downloaded_at": null, "owner": 27, "company": null, "id_vehicle": 23, "original_type": 1, "final_type": 3, "is_active": true}}, {"model": "CertificationsApp.operation", "pk": 10, "fields": {"certificate_number": "CERT-00010", "stage": "Verificacion pendiente", "registrated_at": "2021-08-20T17:46:45.082Z", "image1_uploaded": "images/1e1d7e70-b8ec-438c-a196-053d7318b33b.jpg", "image2_uploaded": "images/Atardecer.jpg", "image3_uploaded": "images/boludo.png", "image4_uploaded": "images/bg-caravanas-1.jpg", "image5_uploaded": "images/gaba.jpg", "image6_uploaded": "", "image7_uploaded": "", "image8_uploaded": "", "paid_at": null, "paid_by": null, "paid_amount": 0, "doc_verified_at": null, "onsite_verified_at": "2021-09-21T13:20:00Z", "inform_description": null, "inform_created_at": null, "certificate": "", "certificate_uploaded_at": null, "certificate_downloaded_at": null, "owner": 28, "company": null, "id_vehicle": 24, "original_type": 1, "final_type": 1, "is_active": true}}, {"model": "CertificationsApp.operation", "pk": 11, "fields": {"certificate_number": "CERT-00011", "stage": "Verificacion pendiente", "registrated_at": "2021-08-20T17:49:40.445Z", "image1_uploaded": "images/Ron_k.png", "image2_uploaded": "images/D24ZPZOMF5E5BBT7P6ZPXPNQZU.jpg", "image3_uploaded": "images/citroen-berlingo.jpg", "image4_uploaded": "images/furgoneta-escaladores.jpg", "image5_uploaded": "images/furgoneta-camper-Volkswagen_California-1024x768.jpg", "image6_uploaded": "images/K_o_libertad.jpg", "image7_uploaded": "images/boludo_JWaw92s.png", "image8_uploaded": "", "paid_at": null, "paid_by": null, "paid_amount": 0, "doc_verified_at": null, "onsite_verified_at": null, "inform_description": null, "inform_created_at": null, "certificate": "", "certificate_uploaded_at": null, "certificate_downloaded_at": null, "owner": 29, "company": null, "id_vehicle": 25, "original_type": 1, "final_type": 2, "is_active": true}}, {"model": "CertificationsApp.operation", "pk": 12, "fields": {"certificate_number": "CERT-00012", "stage": "Operacion completa", "registrated_at": "2021-08-20T17:50:17.698Z", "image1_uploaded": "images/Isologo-COPIME-fondo-transparente-pluma-vertical_2_ilustration.gif", "image2_uploaded": "images/71a3ff4b286a01feeb62bab1fd823657.jpg", "image3_uploaded": "images/E6H0AK7WUAsDAIz.jpg", "image4_uploaded": "images/furgoneta-camper-Volkswagen_California-1024x768_JIOLOn6.jpg", "image5_uploaded": "images/furgoneta-escaladores_ufP50gk.jpg", "image6_uploaded": "", "image7_uploaded": "", "image8_uploaded": "", "paid_at": null, "paid_by": null, "paid_amount": 0, "doc_verified_at": null, "onsite_verified_at": null, "inform_description": null, "inform_created_at": null, "certificate": "", "certificate_uploaded_at": null, "certificate_downloaded_at": null, "owner": 30, "company": null, "id_vehicle": 26, "original_type": 1, "final_type": 1, "is_active": true}}, {"model": "CertificationsApp.operation", "pk": 13, "fields": {"certificate_number": "CERT-00013", "stage": "Pago a revisar", "registrated_at": "2021-08-20T17:51:41.595Z", "image1_uploaded": "images/71a3ff4b286a01feeb62bab1fd823657_HUVLJyr.jpg", "image2_uploaded": "images/bg-caravaning.jpg", "image3_uploaded": "images/D24ZPZOMF5E5BBT7P6ZPXPNQZU_iQwflws.jpg", "image4_uploaded": "images/Ron_k_MPsqzFJ.png", "image5_uploaded": "images/D24ZPZOMF5E5BBT7P6ZPXPNQZU_aOndbVa.jpg", "image6_uploaded": "images/furgoneta-camper-Volkswagen_California-1024x768_Sy4wsIF.jpg", "image7_uploaded": "", "image8_uploaded": "", "paid_at": null, "paid_by": "Transferencia Bancaria", "paid_amount": 0, "doc_verified_at": null, "onsite_verified_at": null, "inform_description": null, "inform_created_at": null, "certificate": "", "certificate_uploaded_at": null, "certificate_downloaded_at": null, "owner": 31, "company": null, "id_vehicle": 27, "original_type": 1, "final_type": 3, "is_active": true}}, {"model": "CertificationsApp.operation", "pk": 14, "fields": {"certificate_number": "CERT-00014", "stage": "Verificacion pendiente", "registrated_at": "2021-08-20T17:55:04.584Z", "image1_uploaded": "images/IMG_20191217_095219_4.jpg", "image2_uploaded": "images/IMG_20191217_095246_6.jpg", "image3_uploaded": "images/IMG_20191217_095411_2.jpg", "image4_uploaded": "images/IMG_20191217_095518_1.jpg", "image5_uploaded": "images/IMG_20191217_095518_1_F6DQtAz.jpg", "image6_uploaded": "images/IMG_20191217_095755_2.jpg", "image7_uploaded": "", "image8_uploaded": "", "paid_at": null, "paid_by": null, "paid_amount": 0, "doc_verified_at": null, "onsite_verified_at": "2021-09-06T11:20:00Z", "inform_description": null, "inform_created_at": null, "certificate": "", "certificate_uploaded_at": null, "certificate_downloaded_at": null, "owner": 33, "company": null, "id_vehicle": 29, "original_type": 1, "final_type": 3, "is_active": true}}, {"model": "CertificationsApp.operation", "pk": 15, "fields": {"certificate_number": "CERT-00015", "stage": "Operacion completa", "registrated_at": "2021-08-20T18:08:32.678Z", "image1_uploaded": "images/WhatsApp_Image_2021-01-30_at_14.26.44.jpeg", "image2_uploaded": "images/WhatsApp_Image_2021-07-11_at_01.38.27.jpeg", "image3_uploaded": "images/WhatsApp_Image_2021-01-30_at_14.06.13.jpeg", "image4_uploaded": "images/WhatsApp_Image_2021-01-30_at_14.06.13_CrkZgPq.jpeg", "image5_uploaded": "images/WhatsApp_Image_2021-01-30_at_14.43.52.jpeg", "image6_uploaded": "images/WhatsApp_Image_2021-01-30_at_14.43.52_tAlAUPg.jpeg", "image7_uploaded": "images/WhatsApp_Image_2021-01-30_at_14.41.45.jpeg", "image8_uploaded": "", "paid_at": null, "paid_by": null, "paid_amount": 0, "doc_verified_at": null, "onsite_verified_at": null, "inform_description": null, "inform_created_at": null, "certificate": "", "certificate_uploaded_at": null, "certificate_downloaded_at": null, "owner": 34, "company": null, "id_vehicle": 30, "original_type": 3, "final_type": 2, "is_active": true}}, {"model": "CertificationsApp.operation", "pk": 16, "fields": {"certificate_number": "CERT-00016", "stage": "Pendiente de pago", "registrated_at": "2021-08-20T18:09:04.823Z", "image1_uploaded": "images/WhatsApp_Image_2021-01-30_at_14.03.26.jpeg", "image2_uploaded": "images/WhatsApp_Image_2021-07-11_at_01.38.27_i2R6qt5.jpeg", "image3_uploaded": "images/WhatsApp_Image_2021-07-06_at_20.07.46.jpeg", "image4_uploaded": "images/WhatsApp_Image_2021-07-06_at_20.07.46_2HTT2ex.jpeg", "image5_uploaded": "images/WhatsApp_Image_2021-07-11_at_01.38.27_z6bWmdz.jpeg", "image6_uploaded": "", "image7_uploaded": "", "image8_uploaded": "", "paid_at": null, "paid_by": null, "paid_amount": 0, "doc_verified_at": null, "onsite_verified_at": null, "inform_description": null, "inform_created_at": null, "certificate": "", "certificate_uploaded_at": null, "certificate_downloaded_at": null, "owner": 35, "company": null, "id_vehicle": 31, "original_type": 1, "final_type": 1, "is_active": true}}, {"model": "CertificationsApp.operation", "pk": 17, "fields": {"certificate_number": "CERT-00017", "stage": "Esperando certificado", "registrated_at": "2021-08-20T19:19:41.587Z", "image1_uploaded": "images/WhatsApp_Image_2021-01-30_at_14.03.26_j9JrpcJ.jpeg", "image2_uploaded": "images/WhatsApp_Image_2021-01-30_at_14.06.13_TKdUuXj.jpeg", "image3_uploaded": "images/WhatsApp_Image_2021-07-11_at_01.38.27_UaR1tpF.jpeg", "image4_uploaded": "images/WhatsApp_Image_2021-01-31_at_13.53.42.jpeg", "image5_uploaded": "images/WhatsApp_Image_2021-01-30_at_14.48.42.jpeg", "image6_uploaded": "", "image7_uploaded": "", "image8_uploaded": "", "paid_at": null, "paid_by": null, "paid_amount": 0, "doc_verified_at": null, "onsite_verified_at": null, "inform_description": null, "inform_created_at": null, "certificate": "", "certificate_uploaded_at": null, "certificate_downloaded_at": null, "owner": 36, "company": null, "id_vehicle": 32, "original_type": 1, "final_type": 1, "is_active": true}}, {"model": "CertificationsApp.operation", "pk": 18, "fields": {"certificate_number": "CERT-00018", "stage": "Certificado disponible", "registrated_at": "2021-08-20T19:37:04.441Z", "image1_uploaded": "images/WhatsApp_Image_2021-01-30_at_14.03.26_7AlVtCD.jpeg", "image2_uploaded": "images/WhatsApp_Image_2021-01-30_at_14.06.13_Otlv3pZ.jpeg", "image3_uploaded": "images/WhatsApp_Image_2021-07-11_at_01.38.27_bfoukx5.jpeg", "image4_uploaded": "images/WhatsApp_Image_2021-01-31_at_13.53.42_xrey8PG.jpeg", "image5_uploaded": "images/WhatsApp_Image_2021-01-30_at_14.48.42_Y6eDTAj.jpeg", "image6_uploaded": "", "image7_uploaded": "", "image8_uploaded": "", "paid_at": null, "paid_by": null, "paid_amount": 0, "doc_verified_at": null, "onsite_verified_at": null, "inform_description": null, "inform_created_at": null, "certificate": "", "certificate_uploaded_at": null, "certificate_downloaded_at": null, "owner": 37, "company": null, "id_vehicle": 33, "original_type": 1, "final_type": 1, "is_active": true}}, {"model": "CertificationsApp.operation", "pk": 19, "fields": {"certificate_number": "CERT-00019", "stage": "Turno pendiente", "registrated_at": "2021-08-20T19:39:56.872Z", "image1_uploaded": "images/WhatsApp_Image_2021-01-30_at_14.03.26_EuNQIrm.jpeg", "image2_uploaded": "images/WhatsApp_Image_2021-01-30_at_14.06.13_ig1qnjQ.jpeg", "image3_uploaded": "images/WhatsApp_Image_2021-07-11_at_01.38.27_JBARYk0.jpeg", "image4_uploaded": "images/WhatsApp_Image_2021-01-31_at_13.53.42_764D5Yx.jpeg", "image5_uploaded": "images/WhatsApp_Image_2021-01-30_at_14.48.42_tEgfuBu.jpeg", "image6_uploaded": "", "image7_uploaded": "", "image8_uploaded": "", "paid_at": "2021-09-17T03:23:27Z", "paid_by": "credit_card", "paid_amount": 0, "doc_verified_at": null, "onsite_verified_at": null, "inform_description": null, "inform_created_at": null, "certificate": "", "certificate_uploaded_at": null, "certificate_downloaded_at": null, "owner": 38, "company": null, "id_vehicle": 34, "original_type": 1, "final_type": 1, "is_active": true}}, {"model": "CertificationsApp.operation", "pk": 20, "fields": {"certificate_number": "CERT-00020", "stage": "Verificacion pendiente", "registrated_at": "2021-08-20T19:59:01.439Z", "image1_uploaded": "images/WhatsApp_Image_2021-01-30_at_14.03.26_vGuuQeP.jpeg", "image2_uploaded": "images/WhatsApp_Image_2021-01-30_at_14.06.13_rgYbtND.jpeg", "image3_uploaded": "images/WhatsApp_Image_2021-07-11_at_01.38.27_NfvMY6e.jpeg", "image4_uploaded": "images/WhatsApp_Image_2021-01-31_at_13.53.42_8eHX1bl.jpeg", "image5_uploaded": "images/WhatsApp_Image_2021-01-30_at_14.48.42_AIs0jk3.jpeg", "image6_uploaded": "", "image7_uploaded": "", "image8_uploaded": "", "paid_at": "2021-09-02T01:00:46Z", "paid_by": "credit_card", "paid_amount": 0, "doc_verified_at": null, "onsite_verified_at": "2021-09-15T12:40:00Z", "inform_description": null, "inform_created_at": null, "certificate": "", "certificate_uploaded_at": null, "certificate_downloaded_at": null, "owner": 39, "company": null, "id_vehicle": 35, "original_type": 1, "final_type": 1, "is_active": true}}, {"model": "CertificationsApp.operation", "pk": 21, "fields": {"certificate_number": "CERT-00021", "stage": "Turno pendiente", "registrated_at": "2021-08-29T03:44:44.354Z", "image1_uploaded": "images/Baño_de_chocolate.jpg", "image2_uploaded": "images/DSC_0427.jpg", "image3_uploaded": "images/DSC_0537.jpg", "image4_uploaded": "images/marmolado.jpg", "image5_uploaded": "images/DSC_0415.jpg", "image6_uploaded": "images/IMG-20200706-WA0040.jpg", "image7_uploaded": "", "image8_uploaded": "", "paid_at": "2021-10-28T16:51:14.491Z", "paid_by": "Transferencia Bancaria", "paid_amount": 3000, "doc_verified_at": null, "onsite_verified_at": null, "inform_description": "", "inform_created_at": null, "certificate": "", "certificate_uploaded_at": null, "certificate_downloaded_at": null, "owner": 40, "company": null, "id_vehicle": 36, "original_type": 1, "final_type": 3, "is_active": true}}, {"model": "CertificationsApp.operation", "pk": 22, "fields": {"certificate_number": "CERT-00022", "stage": "Documentacion rechazada", "registrated_at": "2021-08-29T03:46:41.161Z", "image1_uploaded": "images/Baño_de_chocolate_AN3DOS6.jpg", "image2_uploaded": "images/DSC_0427_BoPWS5e.jpg", "image3_uploaded": "images/DSC_0537_wKnP803.jpg", "image4_uploaded": "images/marmolado_ju9CRRd.jpg", "image5_uploaded": "volver_a_subir.jpeg", "image6_uploaded": "volver_a_subir.jpeg", "image7_uploaded": "", "image8_uploaded": "", "paid_at": null, "paid_by": null, "paid_amount": 0, "doc_verified_at": null, "onsite_verified_at": null, "inform_description": null, "inform_created_at": null, "certificate": "", "certificate_uploaded_at": null, "certificate_downloaded_at": null, "owner": 41, "company": null, "id_vehicle": 37, "original_type": 1, "final_type": 3, "is_active": true}}, {"model": "CertificationsApp.operation", "pk": 23, "fields": {"certificate_number": "CERT-00023", "stage": "Turno pendiente", "registrated_at": "2021-08-29T03:50:54.739Z", "image1_uploaded": "images/dsadasdas.jpg", "image2_uploaded": "images/Chocolate.jpg", "image3_uploaded": "images/Banana.jpg", "image4_uploaded": "images/Chips_de_chocolate_blanco.jpg", "image5_uploaded": "images/Chocolate_y_cafe.jpg", "image6_uploaded": "images/Banan_Split.jpg", "image7_uploaded": "images/DSC_0461.jpg", "image8_uploaded": "", "paid_at": "2021-09-01T19:26:20Z", "paid_by": "credit_card", "paid_amount": 0, "doc_verified_at": null, "onsite_verified_at": null, "inform_description": null, "inform_created_at": null, "certificate": "", "certificate_uploaded_at": null, "certificate_downloaded_at": null, "owner": 42, "company": null, "id_vehicle": 38, "original_type": 1, "final_type": 2, "is_active": true}}, {"model": "CertificationsApp.operation", "pk": 24, "fields": {"certificate_number": "CERT-00024", "stage": "Documentacion rechazada", "registrated_at": "2021-08-29T04:02:23.010Z", "image1_uploaded": "images/Avena.jpg", "image2_uploaded": "images/Chips_de_chocolate.jpg", "image3_uploaded": "images/Chips_de_chocolate_blanco_oJ7zKvk.jpg", "image4_uploaded": "volver_a_subir.jpeg", "image5_uploaded": "volver_a_subir.jpeg", "image6_uploaded": "images/Chips_de_chocolate_k4gXT8o.jpg", "image7_uploaded": "", "image8_uploaded": "", "paid_at": null, "paid_by": null, "paid_amount": 0, "doc_verified_at": null, "onsite_verified_at": null, "inform_description": null, "inform_created_at": null, "certificate": "", "certificate_uploaded_at": null, "certificate_downloaded_at": null, "owner": 43, "company": null, "id_vehicle": 39, "original_type": 1, "final_type": 3, "is_active": true}}, {"model": "CertificationsApp.operation", "pk": 25, "fields": {"certificate_number": "CERT-00025", "stage": "Documentacion rechazada", "registrated_at": "2021-08-29T04:06:28.291Z", "image1_uploaded": "images/WhatsApp_Image_2021-09-04_at_16.40.53_Ts6DkT5.jpeg", "image2_uploaded": "volver_a_subir.jpeg", "image3_uploaded": "volver_a_subir.jpeg", "image4_uploaded": "images/WhatsApp_Image_2021-09-04_at_16.40.53_dFPU6yo.jpeg", "image5_uploaded": "volver_a_subir.jpeg", "image6_uploaded": "volver_a_subir.jpeg", "image7_uploaded": "", "image8_uploaded": "", "paid_at": null, "paid_by": null, "paid_amount": 0, "doc_verified_at": null, "onsite_verified_at": null, "inform_description": null, "inform_created_at": null, "certificate": "", "certificate_uploaded_at": null, "certificate_downloaded_at": null, "owner": 44, "company": null, "id_vehicle": 40, "original_type": 1, "final_type": 1, "is_active": true}}, {"model": "CertificationsApp.operation", "pk": 26, "fields": {"certificate_number": "CERT-00026", "stage": "Verificacion pendiente", "registrated_at": "2021-10-15T18:20:09.442Z", "image1_uploaded": "26/images/1e1d7e70-b8ec-438c-a196-053d7318b33b.jpg", "image2_uploaded": "26/images/Atardecer.jpg", "image3_uploaded": "26/images/a1281cdddb9a3e2858fe0cdb67f8aef3.jpg", "image4_uploaded": "26/images/furgoneta-camper-Volkswagen_California-1024x768.jpg", "image5_uploaded": "26/images/gaba.jpg", "image6_uploaded": "26/images/K_o_libertad.jpg", "image7_uploaded": "26/images/bg-caravaning.jpg", "image8_uploaded": "", "paid_at": "2021-10-15T19:01:30Z", "paid_by": "credit_card", "paid_amount": 2500, "doc_verified_at": null, "onsite_verified_at": "2021-10-26T11:00:00Z", "inform_description": null, "inform_created_at": null, "certificate": "", "certificate_uploaded_at": "2021-10-23T18:50:05.292Z", "certificate_downloaded_at": "2021-10-15T20:00:53Z", "owner": 45, "company": null, "id_vehicle": 41, "original_type": 1, "final_type": 2, "is_active": true}}, {"model": "CertificationsApp.operation", "pk": 27, "fields": {"certificate_number": "CERT-00027", "stage": "Documentacion enviada", "registrated_at": "2021-10-16T01:27:14.183Z", "image1_uploaded": "27/images/WhatsApp_Image_2021-07-06_at_20.07.46.jpeg", "image2_uploaded": "27/images/WhatsApp_Image_2021-01-30_at_14.26.44.jpeg", "image3_uploaded": "27/images/WhatsApp_Image_2021-01-30_at_14.03.26.jpeg", "image4_uploaded": "27/images/WhatsApp_Image_2021-01-30_at_14.43.52.jpeg", "image5_uploaded": "27/images/WhatsApp_Image_2021-01-30_at_14.41.45.jpeg", "image6_uploaded": "27/images/WhatsApp_Image_2021-01-31_at_13.53.42.jpeg", "image7_uploaded": "", "image8_uploaded": "", "paid_at": null, "paid_by": null, "paid_amount": 0, "doc_verified_at": null, "onsite_verified_at": null, "inform_description": null, "inform_created_at": null, "certificate": "", "certificate_uploaded_at": null, "certificate_downloaded_at": null, "owner": 46, "company": 1, "id_vehicle": 42, "original_type": 1, "final_type": 1, "is_active": true}}, {"model": "CertificationsApp.operation", "pk": 28, "fields": {"certificate_number": "CERT-00028", "stage": "Documentacion rechazada", "registrated_at": "2021-10-16T18:36:33.614Z", "image1_uploaded": "28/images/output-onlinepngtools_0rEDCs5.png", "image2_uploaded": "28/images/output-onlinepngtools1.png", "image3_uploaded": "28/images/logo.png", "image4_uploaded": "28/images/output-onlinepngtools2.png", "image5_uploaded": "28/images/output-onlinepngtools2_9SwgmSi.png", "image6_uploaded": "28/images/output-onlinepngtools3_n3RuzJj.png", "image7_uploaded": "28/images/output-onlinepngtools.png", "image8_uploaded": "", "paid_at": null, "paid_by": null, "paid_amount": 0, "doc_verified_at": null, "onsite_verified_at": "2021-10-19T11:20:00Z", "inform_description": null, "inform_created_at": null, "certificate": "", "certificate_uploaded_at": null, "certificate_downloaded_at": null, "owner": 47, "company": 2, "id_vehicle": 43, "original_type": 1, "final_type": 2, "is_active": true}}, {"model": "CertificationsApp.operation", "pk": 29, "fields": {"certificate_number": "CERT-00029", "stage": "Verificacion pendiente", "registrated_at": "2021-10-16T18:58:31.502Z", "image1_uploaded": "29/images/output-onlinepngtools3.png", "image2_uploaded": "29/images/output-onlinepngtools.png", "image3_uploaded": "29/images/output-onlinepngtools1.png", "image4_uploaded": "29/images/output-onlinepngtools3_BCrnUyc.png", "image5_uploaded": "29/images/output-onlinepngtools2.png", "image6_uploaded": "29/images/output-onlinepngtools3_XP2bBcC.png", "image7_uploaded": "29/images/output-onlinepngtools_wVF2EkD.png", "image8_uploaded": "", "paid_at": "2021-10-16T18:59:40.443Z", "paid_by": "Transferencia Bancaria", "paid_amount": 2500, "doc_verified_at": null, "onsite_verified_at": "2021-10-19T11:00:00Z", "inform_description": null, "inform_created_at": null, "certificate": "", "certificate_uploaded_at": null, "certificate_downloaded_at": null, "owner": 48, "company": null, "id_vehicle": 44, "original_type": 1, "final_type": 2, "is_active": false}}, {"model": "CertificationsApp.operation", "pk": 30, "fields": {"certificate_number": "CERT-00030", "stage": "Turno pendiente", "registrated_at": "2021-10-16T20:44:29.620Z", "image1_uploaded": "30/images/logo.png", "image2_uploaded": "30/images/output-onlinepngtools2.png", "image3_uploaded": "30/images/output-onlinepngtools3.png", "image4_uploaded": "30/images/output-onlinepngtools2_6Hnhill.png", "image5_uploaded": "30/images/output-onlinepngtools.png", "image6_uploaded": "30/images/output-onlinepngtools3_LsENBaN.png", "image7_uploaded": "30/images/logo_4LoD4c0.png", "image8_uploaded": "", "paid_at": "2021-10-28T16:06:27.832Z", "paid_by": "Transferencia Bancaria", "paid_amount": 3000, "doc_verified_at": null, "onsite_verified_at": "2021-10-28T11:00:00Z", "inform_description": "", "inform_created_at": null, "certificate": "", "certificate_uploaded_at": "2021-10-23T18:52:06Z", "certificate_downloaded_at": "2021-08-23T18:52:53Z", "owner": 49, "company": 2, "id_vehicle": 45, "original_type": 1, "final_type": 3, "is_active": true}}, {"model": "CertificationsApp.operation", "pk": 31, "fields": {"certificate_number": "CERT-00031", "stage": "Operacion completada", "registrated_at": "2021-10-16T20:46:41.761Z", "image1_uploaded": "31/images/output-onlinepngtools2.png", "image2_uploaded": "31/images/output-onlinepngtools3.png", "image3_uploaded": "31/images/output-onlinepngtools.png", "image4_uploaded": "31/images/output-onlinepngtools1.png", "image5_uploaded": "31/images/output-onlinepngtools3_77tOzg7.png", "image6_uploaded": "31/images/output-onlinepngtools_63acUTt.png", "image7_uploaded": "31/images/output-onlinepngtools2_NfI1HAP.png", "image8_uploaded": "", "paid_at": null, "paid_by": "Arreglado con cliente", "paid_amount": 2700, "doc_verified_at": "2021-10-16T21:39:00Z", "onsite_verified_at": "2021-10-16T21:44:00Z", "inform_description": "", "inform_created_at": null, "certificate": "", "certificate_uploaded_at": "2021-10-23T18:39:25.670Z", "certificate_downloaded_at": "2021-10-23T18:41:39Z", "owner": 50, "company": 2, "id_vehicle": 46, "original_type": 1, "final_type": 2, "is_active": true}}, {"model": "CertificationsApp.operation", "pk": 32, "fields": {"certificate_number": "CERT-00032", "stage": "Documentacion enviada", "registrated_at": "2021-10-18T04:15:08.006Z", "image1_uploaded": "32/images/WhatsApp_Image_2021-01-30_at_14.26.44.jpeg", "image2_uploaded": "32/images/WhatsApp_Image_2021-01-30_at_14.06.13.jpeg", "image3_uploaded": "32/images/WhatsApp_Image_2021-07-06_at_20.07.46.jpeg", "image4_uploaded": "32/images/WhatsApp_Image_2021-01-31_at_13.53.42.jpeg", "image5_uploaded": "32/images/WhatsApp_Image_2021-01-30_at_14.43.52.jpeg", "image6_uploaded": "32/images/WhatsApp_Image_2021-07-11_at_01.38.27.jpeg", "image7_uploaded": "", "image8_uploaded": "", "paid_at": null, "paid_by": null, "paid_amount": 0, "doc_verified_at": null, "onsite_verified_at": null, "inform_description": null, "inform_created_at": null, "certificate": "", "certificate_uploaded_at": null, "certificate_downloaded_at": null, "owner": 51, "company": null, "id_vehicle": 47, "original_type": 1, "final_type": 1, "is_active": true}}, {"model": "CertificationsApp.operation", "pk": 33, "fields": {"certificate_number": "CERT-00033", "stage": "Documentacion enviada", "registrated_at": "2021-10-20T02:14:01.579Z", "image1_uploaded": "33/images/WhatsApp_Image_2021-01-30_at_14.26.44.jpeg", "image2_uploaded": "33/images/WhatsApp_Image_2021-01-30_at_14.06.13.jpeg", "image3_uploaded": "33/images/WhatsApp_Image_2021-07-11_at_01.38.27.jpeg", "image4_uploaded": "33/images/WhatsApp_Image_2021-07-06_at_20.07.46.jpeg", "image5_uploaded": "33/images/WhatsApp_Image_2021-01-30_at_14.48.42.jpeg", "image6_uploaded": "33/images/WhatsApp_Image_2021-01-30_at_14.43.52.jpeg", "image7_uploaded": "", "image8_uploaded": "", "paid_at": null, "paid_by": null, "paid_amount": 0, "doc_verified_at": null, "onsite_verified_at": null, "inform_description": null, "inform_created_at": null, "certificate": "", "certificate_uploaded_at": null, "certificate_downloaded_at": null, "owner": 52, "company": 2, "id_vehicle": 48, "original_type": 5, "final_type": 1, "is_active": true}}, {"model": "CertificationsApp.operation", "pk": 34, "fields": {"certificate_number": "CERT-00034", "stage": "Pendiente de pago", "registrated_at": "2021-10-20T02:15:48.138Z", "image1_uploaded": "34/images/WhatsApp_Image_2021-01-30_at_14.26.44.jpeg", "image2_uploaded": "34/images/WhatsApp_Image_2021-01-30_at_14.06.13.jpeg", "image3_uploaded": "34/images/WhatsApp_Image_2021-07-06_at_20.07.46.jpeg", "image4_uploaded": "34/images/WhatsApp_Image_2021-01-30_at_14.48.42.jpeg", "image5_uploaded": "34/images/WhatsApp_Image_2021-01-30_at_14.43.52.jpeg", "image6_uploaded": "34/images/WhatsApp_Image_2021-01-30_at_14.41.45.jpeg", "image7_uploaded": "", "image8_uploaded": "", "paid_at": "2021-10-23T21:44:20.041Z", "paid_by": "Transferencia Bancaria", "paid_amount": 3000, "doc_verified_at": "2021-10-23T21:57:00Z", "onsite_verified_at": null, "inform_description": null, "inform_created_at": null, "certificate": "", "certificate_uploaded_at": null, "certificate_downloaded_at": null, "owner": 53, "company": null, "id_vehicle": 49, "original_type": 4, "final_type": 1, "is_active": true}}, {"model": "CertificationsApp.operation", "pk": 35, "fields": {"certificate_number": "CERT-00035", "stage": "Turno pendiente", "registrated_at": "2021-10-22T04:04:44.309Z", "image1_uploaded": "35/images/WhatsApp_Image_2021-07-06_at_20.07.46.jpeg", "image2_uploaded": "35/images/WhatsApp_Image_2021-01-30_at_14.03.26.jpeg", "image3_uploaded": "35/images/WhatsApp_Image_2021-07-11_at_01.38.27.jpeg", "image4_uploaded": "35/images/WhatsApp_Image_2021-01-30_at_14.48.42.jpeg", "image5_uploaded": "35/images/WhatsApp_Image_2021-01-30_at_14.43.52.jpeg", "image6_uploaded": "35/images/WhatsApp_Image_2021-01-30_at_14.06.13.jpeg", "image7_uploaded": "", "image8_uploaded": "", "paid_at": null, "paid_by": null, "paid_amount": 0, "doc_verified_at": "2021-10-23T18:06:00Z", "onsite_verified_at": null, "inform_description": null, "inform_created_at": null, "certificate": "", "certificate_uploaded_at": null, "certificate_downloaded_at": null, "owner": 54, "company": null, "id_vehicle": 50, "original_type": 2, "final_type": 1, "is_active": true}}, {"model": "CertificationsApp.operation", "pk": 36, "fields": {"certificate_number": "CERT-00036", "stage": "Turno pendiente", "registrated_at": "2021-10-23T21:13:53.848Z", "image1_uploaded": "36/images/output-onlinepngtools1.png", "image2_uploaded": "36/images/output-onlinepngtools1_DGDvJqO.png", "image3_uploaded": "36/images/debito1.png", "image4_uploaded": "36/images/debito1_wmCZBi6.png", "image5_uploaded": "36/images/output-onlinepngtools2.png", "image6_uploaded": "36/images/output-onlinepngtools.png", "image7_uploaded": "36/images/output-onlinepngtools3.png", "image8_uploaded": "", "paid_at": "2021-10-23T21:15:28.272Z", "paid_by": "Transferencia Bancaria", "paid_amount": 3000, "doc_verified_at": "2021-10-23T21:14:00Z", "onsite_verified_at": null, "inform_description": null, "inform_created_at": null, "certificate": "", "certificate_uploaded_at": null, "certificate_downloaded_at": null, "owner": 55, "company": null, "id_vehicle": 51, "original_type": 1, "final_type": 2, "is_active": true}}, {"model": "CertificationsApp.operation", "pk": 37, "fields": {"certificate_number": "CERT-00037", "stage": "Verificacion pendiente", "registrated_at": "2021-10-23T21:18:21.507Z", "image1_uploaded": "37/images/output-onlinepngtools1.png", "image2_uploaded": "37/images/output-onlinepngtools2.png", "image3_uploaded": "37/images/output-onlinepngtools.png", "image4_uploaded": "37/images/output-onlinepngtools2_4Or4aou.png", "image5_uploaded": "37/images/output-onlinepngtools1_ND51h01.png", "image6_uploaded": "37/images/output-onlinepngtools3.png", "image7_uploaded": "37/images/output-onlinepngtools_QokgnJm.png", "image8_uploaded": "", "paid_at": "2021-10-23T21:27:48.875Z", "paid_by": "Transferencia Bancaria", "paid_amount": 3000, "doc_verified_at": "2021-10-23T21:33:00Z", "onsite_verified_at": "2021-10-26T13:20:00Z", "inform_description": "\r\n                    \r\n                    DESCRIPCION: Se ha verificado las adaptaciones pertinentes para el cambio de tipo, de: Furgon\r\n                    a: Furgon termico.\r\n                    \r\n                    La modificacion cumple con los requisitos de seguridad activa y pasiva segun lo\r\n                    estipulado en la Ley 24449 y su decreto reglamentario 779/95.\r\n                    \r\n                    el presente certificado tiene una validez de 90 dias corridos a partir de la\r\n                    fecha de emision.\r\n                    \r\n                    Vehiculo apto para circular por la via publica.\r\n                    \r\n                    ", "inform_created_at": null, "certificate": "", "certificate_uploaded_at": null, "certificate_downloaded_at": null, "owner": 56, "company": null, "id_vehicle": 52, "original_type": 1, "final_type": 2, "is_active": true}}, {"model": "CertificationsApp.schedule", "pk": 1, "fields": {"appointment": "2021-10-18T11:00:00Z"}}]